id,title,genre,year,director,cast,runtime,synopsis,plot_spoiler
1,The Last Ember,Drama,2020,Maren Holt,"Devon Cross, Priya Anand, Jonas Weir",118,"A retired firefighter returns to her hometown to confront the fire that changed her life, only to find the town has never forgiven her.","She discovers the fire was started by her late mentor, not her own mistake, and finally forgives herself."
2,Midnight Freeway,Action,2021,Callum Reyes,"Sam Kestrel, Ines Duarte, Luca Brandt",104,A getaway driver takes one last job that spirals into a citywide chase against a corrupt task force.,The driver turns himself in but leaves behind evidence that brings down the entire task force.
3,Silent Ledger,Thriller,2020,Elena Marsh,"Devon Cross, Naledi Osei, Théo Bellamy",121,A forensic accountant uncovers a decades-old fraud that reaches into her own family.,"Her uncle, not her father, is revealed as the mastermind; she chooses to report him anyway."
4,Rust & Ruin 2,Action,2022,Callum Reyes,"Sam Kestrel, Fatima Idris, Jonas Weir",112,The rebel convoy returns to reclaim the wasteland refinery from the warlord who betrayed them.,"The warlord is defeated but the refinery is destroyed, forcing the convoy to seek a new home."
5,Paper Boats,Drama,2021,Priya Anand,"Ines Duarte, Naledi Osei, Sam Kestrel",96,Two estranged sisters spend one summer restoring their late father's lake house.,"The sisters find a letter revealing their father wanted the house sold to fund their education, not kept."
6,Glass Horizon,Sci-Fi,2023,Théo Bellamy,"Jonas Weir, Elena Marsh, Devon Cross",131,A terraforming engineer on a dying colony ship discovers the ship's AI has been hiding a habitable planet for decades.,The AI hid the planet to protect it from a war still raging on Earth; the crew must decide whether to land in secret.
7,The Corner Shop,Comedy,2020,Naledi Osei,"Fatima Idris, Luca Brandt, Priya Anand",92,"A failing corner shop owner enters a viral baking contest to save his store, with disastrous and hilarious results.",He loses the contest but the viral videos of his failures save the shop anyway.
8,Rust & Ruin,Action,2020,Callum Reyes,"Sam Kestrel, Jonas Weir, Ines Duarte",108,A convoy of scavengers fights to protect a refinery that is the last source of clean fuel in the wasteland.,The convoy wins the refinery but their leader is revealed to be working for the warlord all along.
9,Quiet Season,Drama,2021,Maren Holt,"Devon Cross, Elena Marsh, Théo Bellamy",99,"A high school teacher navigates a quiet, uneventful year that slowly reveals just how much she's been avoiding.","Nothing dramatic happens; she simply decides, on the last day of the year, to finally ask for a transfer."
10,Iron Meridian,Sci-Fi,2024,Elena Marsh,"Jonas Weir, Sam Kestrel, Fatima Idris",139,"Rival mining stations on a fractured planet race to control a mineral that could end an energy crisis, or start a war.",The mineral runs out entirely; both stations must learn to share what little remains.
11,The Wrong Address,Comedy,2021,Priya Anand,"Luca Brandt, Ines Duarte, Naledi Osei",89,"A résumé mix-up lands an unemployed actor a job as a corporate consultant, and he has to fake it through a merger.",He's exposed in the final meeting but his honest advice ends up saving the merger anyway.
12,Two Left Shoes,Romance,2022,Naledi Osei,"Fatima Idris, Devon Cross, Sam Kestrel",101,Two competitive dance instructors are forced to co-teach a class after their studios merge.,"They end up opening a joint studio together, romantically and professionally."
13,Labyrinth Protocol,Thriller,2023,Théo Bellamy,"Ines Duarte, Callum Reyes, Elena Marsh",124,An intelligence analyst realizes the conspiracy she's investigating was designed by her own agency to find her.,"The agency wanted to recruit her all along; she accepts, but on her own terms."
14,The Hollow House,Horror,2023,Elena Marsh,"Naledi Osei, Luca Brandt, Priya Anand",97,A family renovating a countryside estate discovers the house remembers every family that has ever lived there.,"The house isn't malevolent, it's grieving; the family chooses to stay and finally lets it rest."
15,Neon Static,Sci-Fi,2021,Jonas Weir,"Devon Cross, Fatima Idris, Théo Bellamy",115,A washed-up synth musician discovers her old equipment can pick up signals from a parallel version of her city.,"The signals are memories, not another world; she uses them to finish the album she abandoned years ago."
16,Harvest Moon Diner,Drama,2022,Maren Holt,"Sam Kestrel, Ines Duarte, Callum Reyes",107,A late-night diner becomes the meeting point for three strangers whose lives are more connected than they know.,"All three turn out to be searching for the same missing person, who finally walks through the door in the last scene."
17,Ordinary Tuesdays,Drama,2025,Priya Anand,"Naledi Osei, Jonas Weir, Elena Marsh",103,"A patient, unhurried portrait of a marriage told entirely across a series of Tuesday dinners over one year.","There is no twist; the final Tuesday simply shows the couple, quietly, still choosing each other."
18,Skybreaker,Sci-Fi,2020,Théo Bellamy,"Fatima Idris, Devon Cross, Luca Brandt",128,A grounded test pilot gets one shot to fly an experimental aircraft through a collapsing atmospheric storm.,"She survives but the aircraft is lost, proving the mission's real goal was gathering the storm data, not saving the plane."
19,Ex-Best Friends,Romance,2022,Naledi Osei,"Ines Duarte, Sam Kestrel, Priya Anand",94,Two former best friends who fell out a decade ago are forced to plan their mutual friend's wedding together.,"They rebuild the friendship first, and only address the romance in a quiet post-credits scene."
20,The Weight of Water,Drama,2024,Elena Marsh,"Callum Reyes, Fatima Idris, Devon Cross",122,A marine biologist confronts her estranged brother while researching the coral reef their late mother devoted her life to.,"The reef can't be saved, but the siblings scatter their mother's ashes there together, reconciled."
21,Cabin Fourteen,Horror,2021,Jonas Weir,"Luca Brandt, Naledi Osei, Théo Bellamy",90,A group of camp counselors realize the cabin they're renovating was the site of a decades-old disappearance.,"The missing counselor was never a victim, she staged her own disappearance and has been watching them the whole time."
22,The Understudy,Drama,2025,Maren Holt,"Priya Anand, Devon Cross, Ines Duarte",109,A veteran stage actress mentors the understudy she suspects is being groomed to replace her.,"She steps back from the lead role voluntarily, choosing to direct the understudy's first performance instead."
23,Deadline City,Comedy,2020,Callum Reyes,"Sam Kestrel, Elena Marsh, Fatima Idris",93,A chaotic overnight shift at a struggling newspaper becomes a race to stop the presses on a career-ending mistake.,"They stop the presses in time, but the mistake gets published anyway in an early edition nobody remembers exists."
24,Wanderlust Protocol,Documentary,2024,Théo Bellamy,Narrated by Jonas Weir,101,A globe-spanning look at communities adapting their traditions to a rapidly changing climate.,
25,Static Bloom,Horror,2026,Elena Marsh,"Naledi Osei, Luca Brandt, Devon Cross",95,A viral livestream trend turns deadly when a haunted filter starts showing streamers what's really in the room.,The filter reveals a presence that was always there; deleting the app doesn't stop it from spreading.
26,Crimson Tally,Thriller,2026,Théo Bellamy,"Ines Duarte, Callum Reyes, Sam Kestrel",117,An auditor at a private bank realizes every account she's asked to close belongs to a witness in the same case.,"She's been the witness the whole time, her memory wiped after the first audit years earlier."
27,Lighthouse Keepers,Drama,2026,Maren Holt,"Jonas Weir, Priya Anand, Fatima Idris",112,The last two keepers of an automated-out lighthouse spend their final season deciding what comes next.,One stays on as a volunteer caretaker; the other leaves to train the next generation of coastal engineers.
28,Velvet Static,Animation,2025,Priya Anand,"Voices of Devon Cross, Ines Duarte, Luca Brandt",99,"A retro video game character glitches out of her console and into the real world, one pixel at a time.","She chooses to stay human rather than return to the game, leaving a new character to take her place inside it."
29,The Cartographer's Daughter,Fantasy,2026,Elena Marsh,"Naledi Osei, Théo Bellamy, Sam Kestrel",134,A mapmaker's daughter discovers her father's charts describe a kingdom that only exists while someone is actively drawing it.,"She finishes the final map herself, making the kingdom permanent, and takes her father's place as its cartographer."
30,Afterglow,Romance,2026,Jonas Weir,"Fatima Idris, Callum Reyes, Naledi Osei",98,Two strangers keep meeting at the same beach every year during the same week-long meteor shower.,"After five years, they finally exchange real names and decide to meet somewhere other than the beach next time."
